{"arrowDual_ctrlShape": {"cvPos": [[0.0,
                                     -3.2006089545155543e-16,
                                     0.9609509479848288],
                                    [-0.4118361205649265,
                                     -1.2002283579433327e-16,
                                     0.4118361205649266],
                                    [-0.1372787068549754,
                                     -1.2002283579433327e-16,
                                     0.4118361205649266],
                                    [-0.1372787068549754,
                                     1.2002283579433327e-16,
                                     -0.4118361205649266],
                                    [-0.4118361205649265,
                                     1.2002283579433327e-16,
                                     -0.4118361205649266],
                                    [0.0,
                                     3.2006089545155543e-16,
                                     -0.9609509479848288],
                                    [0.4118361205649265,
                                     1.2002283579433327e-16,
                                     -0.4118361205649266],
                                    [0.1372787068549754,
                                     1.2002283579433327e-16,
                                     -0.4118361205649266],
                                    [0.1372787068549754,
                                     -1.2002283579433327e-16,
                                     0.4118361205649266],
                                    [0.4118361205649265,
                                     -1.2002283579433327e-16,
                                     0.4118361205649266],
                                    [0.0,
                                     -3.2006089545155543e-16,
                                     0.9609509479848288]],
                          "degree": 1,
                          "form": 0}}