{"arrow_ctrlShape": {"cvPos": [[-1.345201915604487e-16,
                                 3.2012247729952097e-16,
                                 -0.9767125360735067],
                                [0.8238305423292677,
                                 1.777036724989861e-32,
                                 0.12172818703218281],
                                [0.2746101807764224,
                                 1.4808639374915512e-32,
                                 0.12172818703218288],
                                [0.27461018077642263,
                                 -2.4009185797464083e-16,
                                 0.9455587293614506],
                                [-0.27461018077642235,
                                 -2.4009185797464083e-16,
                                 0.9455587293614506],
                                [-0.2746101807764224,
                                 -1.4808639374915512e-32,
                                 0.12172818703218294],
                                [-0.8238305423292677,
                                 -1.777036724989861e-32,
                                 0.12172818703218301],
                                [-1.345201915604487e-16,
                                 3.2012247729952097e-16,
                                 -0.9767125360735067]],
                      "degree": 1,
                      "form": 0}}