{"cloth_ctrlShape": {"cvPos": [[-0.24000200004580993,
                                 0.7031748641784658,
                                 0.0],
                                [0.0, 0.4631728641326571, 0.0],
                                [0.24000200004580993,
                                 0.7031748641784658,
                                 0.0],
                                [0.48000400009161986,
                                 0.7031748641784658,
                                 0.0],
                                [0.9600080001832397,
                                 0.22317086408684886,
                                 0.0],
                                [0.7200060001374281,
                                 -0.01683113595896142,
                                 0.0],
                                [0.48000400009161986,
                                 0.22317086408684886,
                                 0.0],
                                [0.48000400009161986,
                                 -0.4968351360505793,
                                 0.0],
                                [-0.48000400009161986,
                                 -0.4968351360505793,
                                 0.0],
                                [-0.48000400009161986,
                                 0.22317086408684886,
                                 0.0],
                                [-0.7200060001374281,
                                 -0.01683113595896142,
                                 0.0],
                                [-0.9600080001832397,
                                 0.22317086408684886,
                                 0.0],
                                [-0.48000400009161986,
                                 0.7031748641784658,
                                 0.0],
                                [-0.24000200004580993,
                                 0.7031748641784658,
                                 0.0]],
                      "degree": 1,
                      "form": 0}}