{"cylinder_ctrlShape": {"cvPos": [[1.0867265608637997,
                                    -0.10939685863898488,
                                    -1.983124968754635e-08],
                                   [0.768431578164204,
                                    -0.10939685863898482,
                                    -0.7684316199142025],
                                   [1.2524999985162371e-08,
                                    -0.10939685863898488,
                                    -1.0867263865575536],
                                   [-0.7684316282642027,
                                    -0.10939685863898496,
                                    -0.7684316261767034],
                                   [-1.0867263855138045,
                                    -0.10939685863898489,
                                    5.218749373619991e-09],
                                   [-0.7684316220017038,
                                    -0.1093968586389848,
                                    0.7684316053017021],
                                   [-1.2524999378203195e-08,
                                    -0.10939685863898485,
                                    1.0867264596200514],
                                   [0.7684316721016997,
                                    -0.10939685863898505,
                                    0.7684316992392002]],
                         "degree": 3,
                         "form": 2},
 "cylinder_ctrlShape1": {"cvPos": [[1.0867265608637997,
                                     0.10939685863898735,
                                     -1.9831248858348527e-08],
                                    [0.768431578164204,
                                     0.10939685863898743,
                                     -0.7684316199142023],
                                    [1.2524999985162371e-08,
                                     0.10939685863898735,
                                     -1.0867263865575536],
                                    [-0.7684316282642027,
                                     0.10939685863898771,
                                     -0.7684316261767024],
                                    [-1.0867263855138045,
                                     0.10939685863898731,
                                     5.218750202817812e-09],
                                    [-0.7684316220017038,
                                     0.10939685863898731,
                                     0.7684316053017034],
                                    [-1.2524999378203195e-08,
                                     0.10939685863898727,
                                     1.0867264596200519],
                                    [0.7684316721016997,
                                     0.1093968586389873,
                                     0.768431699239201]],
                          "degree": 3,
                          "form": 2},
 "cylinder_ctrlShape2": {"cvPos": [[0.0,
                                     0.10939685863898774,
                                     -0.9806281320535218],
                                    [0.0,
                                     0.03646561954633051,
                                     -0.9806281320535208],
                                    [0.0,
                                     -0.0364656195463271,
                                     -0.9806281320535207],
                                    [0.0,
                                     -0.10939685863898488,
                                     -0.98062813205352]],
                          "degree": 3,
                          "form": 0},
 "cylinder_ctrlShape3": {"cvPos": [[-0.980628132053522,
                                     0.10939685863898782,
                                     4.371503159461554e-16],
                                    [-0.980628132053521,
                                     0.03646561954633046,
                                     1.3877787807814457e-16],
                                    [-0.9806281320535204,
                                     -0.036465619546327134,
                                     -1.4224732503009818e-16],
                                    [-0.9806281320535197,
                                     -0.1093968586389849,
                                     -4.198030811863873e-16]],
                          "degree": 3,
                          "form": 0},
 "cylinder_ctrlShape4": {"cvPos": [[0.0,
                                     0.10939685863898785,
                                     0.9806281905035227],
                                    [0.0,
                                     0.03646561954633043,
                                     0.980628190503522],
                                    [0.0,
                                     -0.036465619546327294,
                                     0.9806281905035206],
                                    [0.0,
                                     -0.10939685863898493,
                                     0.9806281905035185]],
                          "degree": 3,
                          "form": 0},
 "cylinder_ctrlShape5": {"cvPos": [[0.9806282489535212,
                                     0.10939685863898782,
                                     4.371503159461554e-16],
                                    [0.9806282489535193,
                                     0.03646561954633046,
                                     1.3877787807814457e-16],
                                    [0.9806282489535181,
                                     -0.036465619546327134,
                                     -1.4224732503009818e-16],
                                    [0.9806282489535162,
                                     -0.1093968586389849,
                                     -4.198030811863873e-16]],
                          "degree": 3,
                          "form": 0}}