{"eye_ctrlShape": {"cvPos": [[0.0854011232842337, 0.34702071112925753, 0.0],
                              [0.07555945888354584, 0.3272306838496109, 0.0],
                              [0.06987903513549791, 0.3050103023426371, 0.0],
                              [0.06987903513549791,
                               0.28141638963123056,
                               0.0],
                              [0.06987903513549791,
                               0.19987842871112843,
                               0.0],
                              [0.13598636374538298, 0.1337711001012443, 0.0],
                              [0.2175260182921244, 0.1337711001012443, 0.0],
                              [0.23632188673453178, 0.1337711001012443, 0.0],
                              [0.2542336820712515, 0.1374259463887469, 0.0],
                              [0.2707736398301773, 0.143826161458476, 0.0]],
                    "degree": 3,
                    "form": 0},
 "eye_ctrlShape1": {"cvPos": [[-1.0165231770116678,
                                -0.0017190310388387803,
                                0.0],
                               [-0.9331730355875666,
                                0.24762684455153336,
                                0.0],
                               [-0.6095480828529218,
                                0.6407667026942359,
                                0.0],
                               [0.00015750727745065198,
                                0.6407667026942359,
                                0.0],
                               [0.5988477497461336, 0.6407667026942359, 0.0],
                               [0.9395495398843465,
                                0.15571880771929728,
                                0.0],
                               [1.0165231770116678,
                                -0.09172681878183604,
                                0.0]],
                     "degree": 3,
                     "form": 0},
 "eye_ctrlShape2": {"cvPos": [[-0.9319078964880464,
                                0.04908976813869318,
                                0.0],
                               [-0.8810990973105156,
                                -0.0811416522865161,
                                0.0],
                               [-0.61011883503035, -0.6407667026942359, 0.0],
                               [-0.017349511292487563,
                                -0.6407667026942359,
                                0.0],
                               [0.5500154128566102,
                                -0.6407667026942359,
                                0.0],
                               [0.7797965135103547,
                                -0.32456660914606733,
                                0.0],
                               [0.9056770070993272,
                                0.04908976813869318,
                                0.0]],
                     "degree": 3,
                     "form": 0},
 "eye_ctrlShape3": {"cvPos": [[0.4864129580461765,
                                0.08296230092371423,
                                0.0],
                               [0.4864129580461765,
                                -0.1855876071291275,
                                0.0],
                               [0.26872265797004286,
                                -0.40329484347165273,
                                0.0],
                               [0.00015750727745065198,
                                -0.40329484347165273,
                                0.0],
                               [-0.2683924007753903,
                                -0.40329484347165273,
                                0.0],
                               [-0.486097943491274,
                                -0.1855876071291275,
                                0.0],
                               [-0.486097943491274,
                                0.08296230092371423,
                                0.0],
                               [-0.486097943491274, 0.3515189834831094, 0.0],
                               [-0.2683924007753903,
                                0.5692177516924372,
                                0.0],
                               [0.00015750727745065198,
                                0.5692177516924372,
                                0.0],
                               [0.26872265797004286,
                                0.5692177516924372,
                                0.0],
                               [0.4864129580461765, 0.3515189834831094, 0.0],
                               [0.4864129580461765,
                                0.08296230092371423,
                                0.0]],
                     "degree": 3,
                     "form": 0},