{"foot_ctrlShape": {"cvPos": [[0.0, 0.0, -1.0],
                               [0.3031226718906581,
                                1.132950141516076e-16,
                                -0.9299291344673085],
                               [0.434385604357374,
                                1.2745689092055854e-16,
                                -0.694888124949938],
                               [0.4761132110359645,
                                5.3992155181625434e-17,
                                -0.294286190252066],
                               [0.5678551158386214,
                                -9.860761315262648e-32,
                                0.06237895435212128],
                               [0.527211032964599,
                                -1.1329501415160775e-16,
                                0.5748896834899816],
                               [0.38615356582552895,
                                -1.699425212274117e-16,
                                0.907828615240632],
                               [0.0, 0.0, 1.0],
                               [-0.38615357875823975,
                                -1.6994252307845562e-16,
                                0.9078286290168762],
                               [-0.5272110104560852,
                                -1.1329501097400715e-16,
                                0.5748896598815918],
                               [-0.5678551197052002,
                                -9.860761315262648e-32,
                                0.06237895414233208],
                               [-0.4761132001876831,
                                5.399215645903485e-17,
                                -0.29428619146347046],
                               [-0.43438559770584106,
                                1.2745688569139682e-16,
                                -0.6948881149291992],
                               [-0.3031226694583893,
                                1.1329501097400715e-16,
                                -0.9299291372299194],
                               [0.0, 0.0, -1.0]],
                     "degree": 1,
                     "form": 0}}