{"locator_ctrlShape": {"cvPos": [[0.0, 0.9926661597815774, 0.0],
                                  [0.0, -0.9926661597815774, 0.0],
                                  [0.0, 0.0, 0.0],
                                  [-0.9926661597815774, 0.0, 0.0],
                                  [0.9926661597815774, 0.0, 0.0],
                                  [0.0, 0.0, 0.0],
                                  [0.0, 0.0, 0.9926661597815774],
                                  [0.0, 0.0, -0.9926661597815774]],
                        "degree": 1,
                        "form": 0}}