{"nail_ctrlShape": {"cvPos": [[0.0, 0.0, 0.0],
                               [-1.1102230246251565e-16,
                                0.5,
                                1.1102230246251565e-16],
                               [0.17677674999999987,
                                0.5732232500000001,
                                1.2728113008009247e-16],
                               [0.24999999999999983,
                                0.75,
                                1.6653345369377348e-16],
                               [0.1767767499999998,
                                0.9267767500000003,
                                2.0578577730745457e-16],
                               [-2.220446049250313e-16,
                                1.0,
                                2.220446049250313e-16],
                               [-0.17677675000000023,
                                0.9267767500000003,
                                2.0578577730745457e-16],
                               [-0.25000000000000017,
                                0.75,
                                1.6653345369377348e-16],
                               [-0.17677675000000015,
                                0.57322325,
                                1.2728113008009244e-16],
                               [-1.1102230246251565e-16,
                                0.5,
                                1.1102230246251565e-16],
                               [0.17677674999999987,
                                0.5732232500000001,
                                1.2728113008009247e-16],
                               [-0.17677675000000023,
                                0.9267767500000003,
                                2.0578577730745457e-16],
                               [-2.220446049250313e-16,
                                1.0,
                                2.220446049250313e-16],
                               [0.1767767499999998,
                                0.9267767500000003,
                                2.0578577730745457e-16],
                               [-0.17677675000000015,
                                0.57322325,
                                1.2728113008009244e-16]],
                     "degree": 1,
                     "form": 0}}