{"pentagon_ctrlShape": {"cvPos": [[-1.0, 0.0, -1.0222781486516985],
                                   [-1.0, 0.0, 0.7436555425893681],
                                   [0.0, 0.0, 1.4236056918373574],
                                   [1.0, 0.0, 0.7436555425893681],
                                   [1.0, 0.0, -1.0222781486516985],
                                   [-1.0, 0.0, -1.0222781486516985]],
                         "degree": 1,
                         "form": 0}}