{"pin_ctrlShape": {"cvPos": [[0.0, 0.0, -4.555396009178801e-17],
                              [-1.5657626255430376e-16,
                               0.7051567976946274,
                               1.1102230246251565e-16],
                              [0.10455619318329892,
                               0.7484653451846617,
                               1.2063873177981723e-16],
                              [0.14786474067333352,
                               0.8530215383679605,
                               1.438548703876683e-16],
                              [0.10455619318329888,
                               0.9575777315512605,
                               1.670710089955193e-16],
                              [-2.22241398404609e-16,
                               1.0008862790412951,
                               1.7668743831282101e-16],
                              [-0.1045561931832992,
                               0.9575777315512605,
                               1.670710089955193e-16],
                              [-0.14786474067333377,
                               0.8530215383679605,
                               1.438548703876683e-16],
                              [-0.1045561931832992,
                               0.7484653451846617,
                               1.2063873177981723e-16],
                              [-1.5657626255430376e-16,
                               0.7051567976946274,
                               1.1102230246251565e-16],
                              [0.10455619318329892,
                               0.7484653451846617,
                               1.2063873177981723e-16],
                              [-0.1045561931832992,
                               0.9575777315512605,
                               1.670710089955193e-16],
                              [-2.22241398404609e-16,
                               1.0008862790412951,
                               1.7668743831282101e-16],
                              [0.10455619318329888,
                               0.9575777315512605,
                               1.670710089955193e-16],
                              [-0.1045561931832992,
                               0.7484653451846617,
                               1.2063873177981723e-16]],
                    "degree": 1,
                    "form": 0}}