{"sphere_ctrlShape": {"cvPos": [[5.329070518200751e-17,
                                  6.123233995736766e-17,
                                  -1.0],
                                 [-0.2612038749637415,
                                  6.123233995736766e-17,
                                  -1.0],
                                 [-0.7836116248912243,
                                  4.7982373409884707e-17,
                                  -0.7836116248912243],
                                 [-1.108194187554388,
                                  1.966335461618786e-32,
                                  -3.21126950723723e-16],
                                 [-0.7836116248912245,
                                  -4.79823734098847e-17,
                                  0.783611624891224],
                                 [-3.3392053635905195e-16,
                                  -6.785732323110915e-17,
                                  1.1081941875543881],
                                 [0.7836116248912238,
                                  -4.798237340988471e-17,
                                  0.7836116248912244],
                                 [1.108194187554388,
                                  -3.644630067904792e-32,
                                  5.952132599280585e-16],
                                 [0.783611624891225,
                                  4.798237340988468e-17,
                                  -0.7836116248912238],
                                 [0.26120387496374164,
                                  6.123233995736766e-17,
                                  -0.9999999999999998],
                                 [8.881784197001253e-17,
                                  6.123233995736766e-17,
                                  -0.9999999999999999]],
                       "degree": 3,
                       "form": 0},
 "sphere_ctrlShape1": {"cvPos": [[5.329070518200751e-17, 1.0, 0.0],
                                  [-0.2612038749637415, 1.0, 0.0],
                                  [-0.7836116248912243,
                                   0.7836116248912243,
                                   0.0],
                                  [-1.108194187554388,
                                   3.21126950723723e-16,
                                   0.0],
                                  [-0.7836116248912245,
                                   -0.783611624891224,
                                   0.0],
                                  [-3.3392053635905195e-16,
                                   -1.1081941875543881,
                                   0.0],
                                  [0.7836116248912238,
                                   -0.7836116248912244,
                                   0.0],
                                  [1.108194187554388,
                                   -5.952132599280585e-16,
                                   0.0],
                                  [0.783611624891225,
                                   0.7836116248912238,
                                   0.0],
                                  [0.26120387496374164,
                                   0.9999999999999998,
                                   0.0],
                                  [8.881784197001253e-17,
                                   0.9999999999999999,
                                   0.0]],
                        "degree": 3,
                        "form": 0},
 "sphere_ctrlShape2": {"cvPos": [[1.9721522630525296e-33,
                                   1.0,
                                   -5.329070518200751e-17],
                                  [-1.5994124469961577e-17,
                                   1.0,
                                   0.2612038749637415],
                                  [-4.7982373409884707e-17,
                                   0.7836116248912243,
                                   0.7836116248912243],
                                  [-6.785732323110913e-17,
                                   3.21126950723723e-16,
                                   1.108194187554388],
                                  [-4.798237340988473e-17,
                                   -0.783611624891224,
                                   0.7836116248912245],
                                  [-2.0446735801084019e-32,
                                   -1.1081941875543881,
                                   3.3392053635905195e-16],
                                  [4.798237340988468e-17,
                                   -0.7836116248912244,
                                   -0.7836116248912238],
                                  [6.785732323110913e-17,
                                   -5.952132599280585e-16,
                                   -1.108194187554388],
                                  [4.798237340988476e-17,
                                   0.7836116248912238,
                                   -0.783611624891225],
                                  [1.5994124469961583e-17,
                                   0.9999999999999998,
                                   -0.26120387496374164],
                                  [4.930380657631324e-33,
                                   0.9999999999999999,
                                   -8.881784197001253e-17]],
                        "degree": 3,
                        "form": 0}}