{"triangle_ctrlShape": {"cvPos": [[-3.885780586188048e-16,
                               -1.2617654120502405e-16,
                               0.9854780873349398],
                              [0.9842567069950579,
                               1.3877787807814457e-16,
                               -0.7192677845265928],
                              [-0.984227700034309,
                               2.7755575615628914e-17,
                               -0.7192677845265931],
                              [-3.885780586188048e-16,
                               -1.2617654120502405e-16,
                               0.9854780873349398]],
                        "degree": 1,
                        "form": 0}}